"Total","Cost","Username","FirstName","LastName","CC","Email","Address","Date Time","Status"
"9.5","6.0","fyfyfy","","","","","","2018/12/10 14:22:34","pending"
"9.5","8.5","gigi","","","","","","2018/12/10 15:03:46","pending"
"6.5","5.75","gigi","","","","","","2018/12/10 22:54:38","pending"
"6.5","5.75","gigi","","","","","","2018/12/10 22:54:39","pending"
"4.0","2.0","gigi","","","","","","2018/12/10 22:58:53","pending"
"8.5","7.0","gigi","","","","","","2018/12/10 22:59:15","pending"
"18.5","18.25","gigi","","","","","","2018/12/10 22:59:47","pending"
"7.0","6.25","gigi","","","","","","2018/12/10 23:02:10","pending"
"7.0","6.25","gigi","","","","","","2018/12/10 23:02:32","pending"
"7.0","5.0","gigi","","","","","","2018/12/10 23:04:26","pending"
